1	Le Zoroliasfa111l1
2	costco hotdog
3	UTC9 Bomb
4	:fairy: :sparkles: 
5	Kohai Team Hi
6	Harta Tahta Retot
7	Mystical Northern European Man
8	HOW MANY PLAYERS???????????
9	wooper
10	Greece A 2024
11	Small Countries Unite 2.5
12	Salyut Els Ã‰pimÃ¨res
13	is that a yes o arnao
14	pero weon
15	Fuwari
16	Hetzer Club
17	FADED
18	guy that thinks he's in an edit
19	the voices :steamhappy:
20	cold bread
21	misterkot
22	we_are_the_unitedx_kingdom53
23	4 girls 2 cups
24	baphomet chest release
25	malvon stinky
26	assalamualaikum
27	cat band
28	SG 6WC Team B
29	metalvampir
30	Luka=mrekk 
31	:SHAKING_FACE:
32	The Train I Never Said
33	The Gokaiger's
34	Time sÃ©rio
35	Ata - Ganathar
36	st
37	idk
38	The Sigma Scaffolders ðŸ˜ˆ